{
  "project_info": {
    "project_number": "47457648860",
    "project_id": "peter-pan-6b134",
    "storage_bucket": "peter-pan-6b134.appspot.com"
  },
  "client": [
    {
      "client_info": {
        "mobilesdk_app_id": "1:47457648860:android:6a5d575b9d4741b34fb419",
        "android_client_info": {
          "package_name": "com.example.myapplication"
        }
      },
      "oauth_client": [
        {
          "client_id": "47457648860-313n54fqud9anvtisi5v613qsl3cabhj.apps.googleusercontent.com",
          "client_type": 3
        }
      ],
      "api_key": [
        {
          "current_key": "AIzaSyArc7JqvNTCNuT5PdVE_mInAef9nncMuGE"
        }
      ],
      "services": {
        "appinvite_service": {
          "other_platform_oauth_client": [
            {
              "client_id": "47457648860-313n54fqud9anvtisi5v613qsl3cabhj.apps.googleusercontent.com",
              "client_type": 3
            }
          ]
        }
      }
    }
  ],
  "configuration_version": "1"
}